{"name":"dbf740c9-c163-4ba8-b30c-17d9dbd81efb","id":"/providers/Microsoft.Flow/flows/dbf740c9-c163-4ba8-b30c-17d9dbd81efb","type":"Microsoft.Flow/flows","properties":{"apiId":"/providers/Microsoft.PowerApps/apis/shared_logicflows","displayName":"generate-custom-guid-value","definition":{"metadata":{"workflowEntityId":null,"processAdvisorMetadata":null,"flowChargedByPaygo":null,"flowclientsuspensionreason":"None","flowclientsuspensiontime":null,"flowclientsuspensionreasondetails":null,"creator":{"id":"6060ee59-fae7-453e-b1ca-dcd95803b471","type":"User","tenantId":"798a3f4a-a6e6-4907-8c47-0913f4730f41"},"provisioningMethod":"FromDefinition","failureAlertSubscription":true,"clientLastModifiedTime":"2023-07-15T16:45:45.9303529Z"},"$schema":"https://schema.management.azure.com/providers/Microsoft.Logic/schemas/2016-06-01/workflowdefinition.json#","contentVersion":"1.0.0.0","parameters":{"$authentication":{"defaultValue":{},"type":"SecureObject"}},"triggers":{"manual":{"metadata":{"operationMetadataId":"64db65da-df6d-4b59-8742-9c3566a805c1"},"type":"Request","kind":"Button","inputs":{"schema":{"type":"object","properties":{},"required":[]}}}},"actions":{"Initialize_variable_-_vCounter":{"runAfter":{},"metadata":{"operationMetadataId":"7f9fa702-e080-490b-a9e1-f9930917a60d"},"type":"InitializeVariable","inputs":{"variables":[{"name":"vCounter","type":"integer","value":1}]}},"Initialize_variable_-_vThisGuidLength":{"runAfter":{"Initialize_variable_-_vCounter":["Succeeded"]},"metadata":{"operationMetadataId":"def8fd87-7569-4c4c-93c9-6b7432d989e4"},"type":"InitializeVariable","inputs":{"variables":[{"name":"vThisGuidLength","type":"integer","value":64}]}},"Initialize_variable_-_vThisGuidValue":{"runAfter":{"Initialize_variable_-_vThisGuidLength":["Succeeded"]},"metadata":{"operationMetadataId":"ce266adf-de40-4849-9e85-d3529f70ab77"},"type":"InitializeVariable","inputs":{"variables":[{"name":"vThisGuidValue","type":"string"}]}},"Initialize_variable_-_aListOfLetters":{"runAfter":{"Initialize_variable_-_vThisGuidValue":["Succeeded"]},"metadata":{"operationMetadataId":"280a835e-2a7c-450b-8d8b-62b2d155693e"},"type":"InitializeVariable","inputs":{"variables":[{"name":"aListOfLetters","type":"array","value":"@split('a,b,c,d,e,f,g,h,i,j,k,l,m,n,o,p,q,r,s,t,u,v,w,x,y,z', ',')"}]}},"Initialize_variable_-_vGuid":{"runAfter":{"Do_until_-_Loop_+_Append_Values":["Succeeded"]},"metadata":{"operationMetadataId":"2617eaa5-b290-44f5-9cfc-e2c702a786bb"},"type":"InitializeVariable","inputs":{"variables":[{"name":"vGuid","type":"string","value":"@variables('vThisGuidValue')"}]}},"Do_until_-_Loop_+_Append_Values":{"actions":{"Increment_variable_-_vCounter":{"runAfter":{},"metadata":{"operationMetadataId":"a929dee6-2304-48ef-9ea6-e21a49d5c21c"},"type":"IncrementVariable","inputs":{"name":"vCounter","value":1}},"Switch_-_rand(1,4)":{"runAfter":{"Increment_variable_-_vCounter":["Succeeded"]},"cases":{"Case":{"case":1,"actions":{"Append_to_string_variable_-_Letters_-_toLower()":{"runAfter":{},"metadata":{"operationMetadataId":"4e88b0e5-62d8-44a2-84b9-29369c56f3fb"},"type":"AppendToStringVariable","inputs":{"name":"vThisGuidValue","value":"@last(take(variables('aListOfLetters'), rand(0, sub(length(variables('aListOfLetters')), 1))))"}}}},"Case_2":{"case":2,"actions":{"Append_to_string_variable_-_Letters_-_toUpper()":{"runAfter":{},"metadata":{"operationMetadataId":"2bc3b124-4ec9-4345-b173-a96733004ff8"},"type":"AppendToStringVariable","inputs":{"name":"vThisGuidValue","value":"@toUpper(last(take(variables('aListOfLetters'), rand(0, sub(length(variables('aListOfLetters')), 1)))))"}}}}},"default":{"actions":{"Append_to_string_variable_-_Numbers":{"runAfter":{},"metadata":{"operationMetadataId":"6271fa5f-3675-48f9-84dd-17b210bb0285"},"type":"AppendToStringVariable","inputs":{"name":"vThisGuidValue","value":"@rand(0,9)"}}}},"expression":"@rand(1,4)","metadata":{"operationMetadataId":"ce1dc63f-6dd9-43fb-97ba-845a52c9a9ec"},"type":"Switch"}},"runAfter":{"Initialize_variable_-_aListOfLetters":["Succeeded"]},"expression":"@greater(variables('vCounter'), variables('vThisGuidLength'))","limit":{"count":60,"timeout":"PT1H"},"metadata":{"operationMetadataId":"11c549d0-63df-47e2-94ee-fa5a264827e6"},"type":"Until"}}},"connectionReferences":{},"flowFailureAlertSubscribed":false,"isManaged":false}}