{"name":"249a6224-e123-48b8-b259-71130a737221","id":"/providers/Microsoft.Flow/flows/249a6224-e123-48b8-b259-71130a737221","type":"Microsoft.Flow/flows","properties":{"apiId":"/providers/Microsoft.PowerApps/apis/shared_logicflows","displayName":"Calculate End of Month","definition":{"metadata":{"workflowEntityId":null,"processAdvisorMetadata":null,"flowclientsuspensionreason":"None","flowclientsuspensiontime":null,"flowclientsuspensionreasondetails":null,"creator":{"id":"6060ee59-fae7-453e-b1ca-dcd95803b471","type":"User","tenantId":"798a3f4a-a6e6-4907-8c47-0913f4730f41"},"provisioningMethod":"FromDefinition","failureAlertSubscription":true,"clientLastModifiedTime":"2022-08-15T02:54:08.147804Z"},"$schema":"https://schema.management.azure.com/providers/Microsoft.Logic/schemas/2016-06-01/workflowdefinition.json#","contentVersion":"1.0.0.0","parameters":{"$authentication":{"defaultValue":{},"type":"SecureObject"}},"triggers":{"manual":{"metadata":{"operationMetadataId":"ec260a81-26d9-4fa7-a09e-f163004d642e"},"type":"Request","kind":"Button","inputs":{"schema":{"type":"object","properties":{"boolean":{"title":"Yes/No","type":"boolean","x-ms-dynamically-added":true,"description":"Please select yes or no","x-ms-content-hint":"BOOLEAN"}},"required":["boolean"]}}}},"actions":{"Initialize_variable_-_startOfMonth":{"runAfter":{"Initialize_variable_-_dateTimeNow":["Succeeded"]},"metadata":{"operationMetadataId":"504c3fc6-536c-48fe-9e07-75939041f23c"},"type":"InitializeVariable","inputs":{"variables":[{"name":"startOfMonth","type":"string","value":"@{startOfMonth(variables('dateTimeNow'))}"}]}},"Initialize_variable_-_endOfMonth":{"runAfter":{"Initialize_variable_-_startOfMonth":["Succeeded"]},"metadata":{"operationMetadataId":"3f017de3-50ee-42a1-8fb1-b480ede52033"},"type":"InitializeVariable","inputs":{"variables":[{"name":"endOfMonth","type":"string","value":"@{addDays(startOfMonth(addDays(variables('startOfMonth'), 31)), -1)}"}]}},"Initialize_variable_-_dateTimeNow":{"runAfter":{},"metadata":{"operationMetadataId":"59483097-8a81-4146-b147-85a36b304360"},"type":"InitializeVariable","inputs":{"variables":[{"name":"dateTimeNow","type":"string","value":"@{utcNow()}"}]}}}},"connectionReferences":{},"flowFailureAlertSubscribed":false,"isManaged":false}}